type,product_internal_id,product_attribute_{package4_stripe_id}
product,680165668,price_1PkAVkJwWazCoBaGGSL3oeMv
product,680161054,price_1PkAVkJwWazCoBaGUK5qAR4N
product,680166727,price_1PkAVkJwWazCoBaGJTH4rxN7
product,680154409,price_1PkAVlJwWazCoBaGQgtGwrTI
product,680170261,price_1PkAVlJwWazCoBaGuUJ6A3hn
product,680170260,price_1PkAVlJwWazCoBaGaAtMlyTV
product,680166640,price_1PkAVlJwWazCoBaGdulhHMwG
product,680166948,price_1PkAVmJwWazCoBaGyqgw0uuO
product,680166725,price_1PkAVmJwWazCoBaGJjCB44n4
product,680165739,price_1PkAVmJwWazCoBaGJqSpSSVk
product,680165666,price_1PkAVmJwWazCoBaGdMCeelBO
product,680168119,price_1PkAVnJwWazCoBaGX0CH6XLg
product,680168206,price_1PkAVnJwWazCoBaGnwpbHz2S
product,680161305,price_1PkAVnJwWazCoBaG5DUcvIzh
product,680161308,price_1PkAVnJwWazCoBaG03HzyCUc
product,680165743,price_1PkAVnJwWazCoBaGTgw52KIj
product,680170263,price_1PkAVoJwWazCoBaGbGXHPFFH
product,680166726,price_1PkAVoJwWazCoBaGosBhP7El
product,680166852,price_1PkAVoJwWazCoBaGcFNGfZxG
product,680155044,price_1PkAVoJwWazCoBaGbIgH1tEN
product,680166853,price_1PkAVpJwWazCoBaGx2n9mpMB
product,680166644,price_1PkAVpJwWazCoBaGXcu3l9Kp
product,680161055,price_1PkAVpJwWazCoBaGmrpVbPYX
product,680170262,price_1PkAVpJwWazCoBaGcKy5ABZr
product,680168200,price_1PkAVpJwWazCoBaGxDyHU863
product,680153644,price_1PkAVqJwWazCoBaGtJuElmzD
product,680165738,price_1PkAVqJwWazCoBaGYxLNxldQ
product,680154408,price_1PkAVqJwWazCoBaGuwKnAUau
product,680165745,price_1PkAVqJwWazCoBaG99CxL2V1
product,680166642,price_1PkAVrJwWazCoBaGxRue8Zp0
product,680168117,price_1PkAVrJwWazCoBaGkkNi3IXO
product,680165667,price_1PkAVrJwWazCoBaG56z6vUIz
product,680168203,price_1PkAVrJwWazCoBaGqf81g8gM
product,680166641,price_1PkAVsJwWazCoBaGvZtDJAja
product,680161053,price_1PkAVsJwWazCoBaGEwEGQyN3
product,680165741,price_1PkAVsJwWazCoBaGqdogKOjc
product,680165740,price_1PkAVsJwWazCoBaG3WwDd7nw
product,680165744,price_1PkAVtJwWazCoBaGOWA79oWR
product,680170264,price_1PkAVtJwWazCoBaGX8znGwo1
product,680168118,price_1PkAVtJwWazCoBaGsQmLx4dV
product,680166851,price_1PkAVtJwWazCoBaG9wHYq0ig
product,680168202,price_1PkAVtJwWazCoBaGjng85ZX9
product,680161307,price_1PkAVuJwWazCoBaGvF3UoYS3
product,680168201,price_1PkAVuJwWazCoBaGTiqQaSS2
product,680161306,price_1PkAVuJwWazCoBaGZDgrseR2
product,680166949,price_1PkAVuJwWazCoBaGFK65cwcH
product,680165742,price_1PkAVvJwWazCoBaGZ2dcNFa8
